nome,url
Aviator,https://multi.bet.br//uploads/games/MUL//alea_spr8369/alea_spr8369.webp
Fortune Rabbit,https://multi.bet.br//uploads/games/MUL//alea_pg8842/alea_pg8842.webp
Fortune Ox,https://multi.bet.br//uploads/games/MUL//alea_pg2603/alea_pg2603.webp
Sweet Bonanza,https://multi.bet.br//uploads/games/MUL//ppvs20fruitsw/ppvs20fruitsw.webp
Gates of Olympus,https://multi.bet.br//uploads/games/MUL//ppvs20olympgate/ppvs20olympgate.webp
Tigre Sortudo,https://multi.bet.br//uploads/games/MUL//ppvs5luckytig/ppvs5luckytig.webp
Olympus Wins,https://multi.bet.br//uploads/games/MUL//ppvswaysolwfp/ppvswaysolwfp.webp
Sugar Rush,https://multi.bet.br//uploads/games/MUL//ppvs20sugarrush/ppvs20sugarrush.webp
Spaceman,https://multi.bet.br//uploads/games/MUL//pp1301/pp1301.webp
Zeus vs Hades – Gods of War,https://multi.bet.br//uploads/games/MUL//ppvs15godsofwar/ppvs15godsofwar.webp
Big Bass Bonanza,https://multi.bet.br//uploads/games/MUL//ppvs10bbbonanza/ppvs10bbbonanza.webp
Pinata Wins,https://multi.bet.br//uploads/games/MUL//alea_pg14878/alea_pg14878.webp
Mines,https://multi.bet.br//uploads/games/MUL//alea_spr8372/alea_spr8372.webp
Dragon Hatch,https://multi.bet.br//uploads/games/MUL//alea_pg832/alea_pg832.webp
Fortune Tiger,https://multi.bet.br//uploads/games/MUL//alea_pg4776/alea_pg4776.webp
Fortune Dragon,https://multi.bet.br//uploads/games/MUL//alea_pg13097/alea_pg13097.webp
Fortune Snake,https://multi.bet.br//uploads/games/MUL//alea_pg18949/alea_pg18949.webp
Fortune Mouse,https://multi.bet.br//uploads/games/MUL//alea_pg833/alea_pg833.webp
888 Dragons,https://multi.bet.br//uploads/games/MUL//ppvs1dragon8/ppvs1dragon8.webp
Wild Bandito,https://multi.bet.br//uploads/games/MUL//alea_pg3221/alea_pg3221.webp
888 Gold,https://multi.bet.br//uploads/games/MUL//ppvs5triple8gold/ppvs5triple8gold.webp
Wild Bounty Showdown,https://multi.bet.br//uploads/games/MUL//alea_pg7556/alea_pg7556.webp
Master Joker,https://multi.bet.br//uploads/games/MUL//ppvs1masterjoker/ppvs1masterjoker.webp
Big Bass Splash,https://multi.bet.br//uploads/games/MUL//ppvs10txbigbass/ppvs10txbigbass.webp
Touro Sortudo,https://multi.bet.br//uploads/games/MUL//ppvs10fortnhs/ppvs10fortnhs.webp
Double Fortune,https://multi.bet.br//uploads/games/MUL//alea_pg816/alea_pg816.webp
Big Bass Bonanza 1000,https://multi.bet.br//uploads/games/MUL//ppvs10bbbnz1000/ppvs10bbbnz1000.webp
Tigre Sortudo 1000,https://multi.bet.br//uploads/games/MUL//ppvs5luckytig1k/ppvs5luckytig1k.webp
Shaolin Soccer,https://multi.bet.br//uploads/games/MUL//alea_pg834/alea_pg834.webp
Diamond Strike,https://multi.bet.br//uploads/games/MUL//ppvs15diamond/ppvs15diamond.webp
Ganesha Gold,https://multi.bet.br//uploads/games/MUL//alea_pg811/alea_pg811.webp
Genies 3 Wishes,https://multi.bet.br//uploads/games/MUL//alea_pg2468/alea_pg2468.webp
Ratinho Sortudo,https://multi.bet.br//uploads/games/MUL//ppvs10forwild/ppvs10forwild.webp
Mahjong Ways 2,https://multi.bet.br//uploads/games/MUL//alea_pg838/alea_pg838.webp
Gold Party,https://multi.bet.br//uploads/games/MUL//ppvs25goldparty/ppvs25goldparty.webp
Starlight Princess 1000,https://multi.bet.br//uploads/games/MUL//ppvs20starlightx/ppvs20starlightx.webp
Bikini Paradise,https://multi.bet.br//uploads/games/MUL//alea_pg837/alea_pg837.webp
5 Lions Megaways,https://multi.bet.br//uploads/games/MUL//ppvswayslions/ppvswayslions.webp
Bigger Bass Bonanza,https://multi.bet.br//uploads/games/MUL//ppvs12bbb/ppvs12bbb.webp
Captains Bounty,https://multi.bet.br//uploads/games/MUL//alea_pg822/alea_pg822.webp
Macaco Sortudo,https://multi.bet.br//uploads/games/MUL//ppvs5luckym/ppvs5luckym.webp
Sweet Bonanza 1000,https://multi.bet.br//uploads/games/MUL//ppvs20fruitswx/ppvs20fruitswx.webp
Gates of Olympus 1000,https://multi.bet.br//uploads/games/MUL//ppvs20olympx/ppvs20olympx.webp
Sugar Rush 1000,https://multi.bet.br//uploads/games/MUL//ppvs20sugarrushx/ppvs20sugarrushx.webp
Gates of Olympus Super Scatter,https://multi.bet.br//uploads/games/MUL//ppvs20olympgold/ppvs20olympgold.webp
Big Bass Floats My Boat,https://multi.bet.br//uploads/games/MUL//ppvs10bbfloats/ppvs10bbfloats.webp
Sweet Rush Bonanza,https://multi.bet.br//uploads/games/MUL//ppvs20swrbon/ppvs20swrbon.webp
Lucky Jaguar,https://multi.bet.br//uploads/games/MUL//alea_tad18993/alea_tad18993.webp
Big Bass Boxing Bonus Round,https://multi.bet.br//uploads/games/MUL//ppvs10bbbbrnd/ppvs10bbbbrnd.webp
Spirit of Adventure,https://multi.bet.br//uploads/games/MUL//ppvs10spiritadv/ppvs10spiritadv.webp
Gems Bonanza,https://multi.bet.br//uploads/games/MUL//ppvs20goldfever/ppvs20goldfever.webp
Christmas Big Bass Bonanza,https://multi.bet.br//uploads/games/MUL//ppvs10bxmasbnza/ppvs10bxmasbnza.webp
Power of Merlin Megaways,https://multi.bet.br//uploads/games/MUL//ppvswayspowzeus/ppvswayspowzeus.webp
3 Buzzing Wilds,https://multi.bet.br//uploads/games/MUL//ppvs20wildparty/ppvs20wildparty.webp
Jungle Delight,https://multi.bet.br//uploads/games/MUL//alea_pg817/alea_pg817.webp
Fire Strike,https://multi.bet.br//uploads/games/MUL//ppvs10firestrike/ppvs10firestrike.webp
Starlight Princess,https://multi.bet.br//uploads/games/MUL//ppvs20starlight/ppvs20starlight.webp
Piggy Gold,https://multi.bet.br//uploads/games/MUL//alea_pg808/alea_pg808.webp
Wild West Gold,https://multi.bet.br//uploads/games/MUL//ppvs40wildwest/ppvs40wildwest.webp
Buffalo King Megaways,https://multi.bet.br//uploads/games/MUL//ppvswaysbufking/ppvswaysbufking.webp
Big Bass Amazon Xtreme,https://multi.bet.br//uploads/games/MUL//ppvs10bbextreme/ppvs10bbextreme.webp
Aztec Gems,https://multi.bet.br//uploads/games/MUL//ppvs5aztecgems/ppvs5aztecgems.webp
Madame Destiny Megaways,https://multi.bet.br//uploads/games/MUL//ppvswaysmadame/ppvswaysmadame.webp
Mahjong Ways,https://multi.bet.br//uploads/games/MUL//alea_pg829/alea_pg829.webp
Gates of Olympus Xmas 1000,https://multi.bet.br//uploads/games/MUL//ppvs20olympxmas/ppvs20olympxmas.webp
Dragon Tiger Luck,https://multi.bet.br//uploads/games/MUL//alea_pg828/alea_pg828.webp
Big Bass Halloween,https://multi.bet.br//uploads/games/MUL//ppvs10bhallbnza/ppvs10bhallbnza.webp
Power of Thor Megaways,https://multi.bet.br//uploads/games/MUL//ppvswayshammthor/ppvswayshammthor.webp
Fire Portals,https://multi.bet.br//uploads/games/MUL//ppvs20portals/ppvs20portals.webp
Club Tropicana,https://multi.bet.br//uploads/games/MUL//ppvs12tropicana/ppvs12tropicana.webp
Big Bass Christmas Bash,https://multi.bet.br//uploads/games/MUL//ppvs10bbsplxmas/ppvs10bbsplxmas.webp
Big Bass Reel Repeat,https://multi.bet.br//uploads/games/MUL//ppvs10bbrrp/ppvs10bbrrp.webp
Fire 88,https://multi.bet.br//uploads/games/MUL//ppvs7fire88/ppvs7fire88.webp
Floating Dragon,https://multi.bet.br//uploads/games/MUL//ppvs10floatdrg/ppvs10floatdrg.webp
Octobeer Fortunes,https://multi.bet.br//uploads/games/MUL//ppvs20octobeer/ppvs20octobeer.webp
Wolf Gold,https://multi.bet.br//uploads/games/MUL//ppvs25wolfgold/ppvs25wolfgold.webp
Cleocatra,https://multi.bet.br//uploads/games/MUL//ppvs20cleocatra/ppvs20cleocatra.webp
Peppe’s Pepperoni Pizza Plaza,https://multi.bet.br//uploads/games/MUL//ppvswaystonypzz/ppvswaystonypzz.webp
Joker’s Jewels Cash,https://multi.bet.br//uploads/games/MUL//ppvs5jokerjc/ppvs5jokerjc.webp
Big Bass Day at the Races,https://multi.bet.br//uploads/games/MUL//ppvs10bbbnz/ppvs10bbbnz.webp
Gates of Hades,https://multi.bet.br//uploads/games/MUL//ppvs20gtsofhades/ppvs20gtsofhades.webp
The Hand of Midas,https://multi.bet.br//uploads/games/MUL//ppvs20midas/ppvs20midas.webp
Wild West Duels,https://multi.bet.br//uploads/games/MUL//ppvs20pistols/ppvs20pistols.webp
Big Bass Bonanza Megaways,https://multi.bet.br//uploads/games/MUL//ppvswaysbbb/ppvswaysbbb.webp
Queenie,https://multi.bet.br//uploads/games/MUL//ppvs243queenie/ppvs243queenie.webp
Hot Fiesta,https://multi.bet.br//uploads/games/MUL//ppvs25hotfiesta/ppvs25hotfiesta.webp
Sugar Supreme Powernudge,https://multi.bet.br//uploads/games/MUL//ppvs20sugarnudge/ppvs20sugarnudge.webp
Sweet Bonanza Xmas,https://multi.bet.br//uploads/games/MUL//ppvs20sbxmas/ppvs20sbxmas.webp
Sweet Bonanza Super Scatter,https://multi.bet.br//uploads/games/MUL//ppvs20swbonsup/ppvs20swbonsup.webp
Elemental Gems Megaways,https://multi.bet.br//uploads/games/MUL//ppvswayselements/ppvswayselements.webp
Goal,https://multi.bet.br//uploads/games/MUL//alea_spr8371/alea_spr8371.webp
The Dog House,https://multi.bet.br//uploads/games/MUL//ppvs20doghouse/ppvs20doghouse.webp
Money Mouse,https://multi.bet.br//uploads/games/MUL//ppvs25mmouse/ppvs25mmouse.webp
Big Bass Hold & Spinner Megaways,https://multi.bet.br//uploads/games/MUL//ppvswaysbbhas/ppvswaysbbhas.webp
Wisdom of Athena,https://multi.bet.br//uploads/games/MUL//ppvs20procount/ppvs20procount.webp
Cosmic Cash,https://multi.bet.br//uploads/games/MUL//ppvs40cosmiccash/ppvs40cosmiccash.webp
Mustang Gold,https://multi.bet.br//uploads/games/MUL//ppvs25mustang/ppvs25mustang.webp
Muertos Multiplier Megaways,https://multi.bet.br//uploads/games/MUL//ppvs20muertos/ppvs20muertos.webp
Barn Festival,https://multi.bet.br//uploads/games/MUL//ppvs20farmfest/ppvs20farmfest.webp
Great Rhino Megaways,https://multi.bet.br//uploads/games/MUL//ppvswaysrhino/ppvswaysrhino.webp
Big Bass Bonanza 3 Reeler,https://multi.bet.br//uploads/games/MUL//ppvs5bb3reeler/ppvs5bb3reeler.webp
Black Bull,https://multi.bet.br//uploads/games/MUL//ppvs20trswild2/ppvs20trswild2.webp
Wild Wild Riches Megaways,https://multi.bet.br//uploads/games/MUL//ppvswayswwriches/ppvswayswwriches.webp
Fortune Coins,https://multi.bet.br//uploads/games/MUL//alea_tad19935/alea_tad19935.webp
Rabbit Garden,https://multi.bet.br//uploads/games/MUL//ppvs20goldclust/ppvs20goldclust.webp
Clover Gold,https://multi.bet.br//uploads/games/MUL//ppvs20mustanggld2/ppvs20mustanggld2.webp
Wild West Gold Megaways,https://multi.bet.br//uploads/games/MUL//ppvswayswildwest/ppvswayswildwest.webp
Fire Strike 2,https://multi.bet.br//uploads/games/MUL//ppvs10firestrike2/ppvs10firestrike2.webp
Triple Pot Gold,https://multi.bet.br//uploads/games/MUL//ppvswaysasiatrzn/ppvswaysasiatrzn.webp
Rainbow Gold,https://multi.bet.br//uploads/games/MUL//ppvs20rainbowg/ppvs20rainbowg.webp
Mummy’s Jewels,https://multi.bet.br//uploads/games/MUL//ppvswaysmjwl/ppvswaysmjwl.webp
Pompeii Megareels Megaways,https://multi.bet.br//uploads/games/MUL//ppvswaysmegareel/ppvswaysmegareel.webp
Fire Stampede 2,https://multi.bet.br//uploads/games/MUL//ppvswaysfirest2/ppvswaysfirest2.webp
Diamond Explosion 7s SE,https://multi.bet.br//uploads/games/MUL//alea_rub18582/alea_rub18582.webp
Big Bass Mission Fishin’,https://multi.bet.br//uploads/games/MUL//ppvs10bbfmission/ppvs10bbfmission.webp
Big Bass – Keeping it Reel,https://multi.bet.br//uploads/games/MUL//ppvs10bbkir/ppvs10bbkir.webp
Big Bass Secrets of the Golden Lake,https://multi.bet.br//uploads/games/MUL//ppvs10bblotgl/ppvs10bblotgl.webp
Bigger Bass Blizzard – Christmas Catch,https://multi.bet.br//uploads/games/MUL//ppvs12bbbxmas/ppvs12bbbxmas.webp
O Vira-lata Caramelo,https://multi.bet.br//uploads/games/MUL//ppvs20caramsort/ppvs20caramsort.webp
Fruit Party,https://multi.bet.br//uploads/games/MUL//ppvs20fruitparty/ppvs20fruitparty.webp
Gold Party 2 – After Hours,https://multi.bet.br//uploads/games/MUL//ppvs25goldpartya/ppvs25goldpartya.webp
Joker’s Jewels,https://multi.bet.br//uploads/games/MUL//ppvs5joker/ppvs5joker.webp
Super 7s,https://multi.bet.br//uploads/games/MUL//ppvs5super7/ppvs5super7.webp
PIZZA! PIZZA? PIZZA!,https://multi.bet.br//uploads/games/MUL//ppvswayspizza/ppvswayspizza.webp
Zombie School Megaways,https://multi.bet.br//uploads/games/MUL//ppvswayspompmr2/ppvswayspompmr2.webp
Fortune Gems 2,https://multi.bet.br//uploads/games/MUL//alea_tad16679/alea_tad16679.webp
Football Blitz Top Card,https://multi.bet.br//uploads/games/MUL//pp4001/pp4001.webp
Bac Bo,https://multi.bet.br//uploads/games/MUL//alea_evo7617/alea_evo7617.webp
Roleta Brasileira Live,https://multi.bet.br//uploads/games/MUL//alea_pla6263/alea_pla6263.webp
Money Time,https://multi.bet.br//uploads/games/MUL//pp2750/pp2750.webp
VIP Auto Roulette,https://multi.bet.br//uploads/games/MUL//pp266/pp266.webp
Casino Hold'em,https://multi.bet.br//uploads/games/MUL//pp2701/pp2701.webp
Crazy Time,https://multi.bet.br//uploads/games/MUL//alea_evo3008/alea_evo3008.webp
Immersive Roulette Deluxe,https://multi.bet.br//uploads/games/MUL//pp292/pp292.webp
Lightning Storm,https://multi.bet.br//uploads/games/MUL//alea_evo15997/alea_evo15997.webp
Balloon Race,https://multi.bet.br//uploads/games/MUL//alea_evo15771/alea_evo15771.webp
Adventures Beyond Wonderland Live,https://multi.bet.br//uploads/games/MUL//alea_pla6191/alea_pla6191.webp
Mega Sic Bo,https://multi.bet.br//uploads/games/MUL//pp701/pp701.webp
Sic Bo,https://multi.bet.br//uploads/games/MUL//pp711/pp711.webp
Brazilian Roulette,https://multi.bet.br//uploads/games/MUL//pp237/pp237.webp
Fortune Roulette,https://multi.bet.br//uploads/games/MUL//pp270/pp270.webp
Jelly Express,https://multi.bet.br//uploads/games/MUL//ppvs20payanyvol/ppvs20payanyvol.webp
Mines+,https://multi.bet.br//uploads/games/MUL//ppar1minehnt/ppar1minehnt.webp
Pinup Girls,https://multi.bet.br//uploads/games/MUL//ppvs20ltng/ppvs20ltng.webp
Lucky Jaguar 500,https://multi.bet.br//uploads/games/MUL//alea_tad24516/alea_tad24516.webp
Fortune Gems 500,https://multi.bet.br//uploads/games/MUL//alea_tad21563/alea_tad21563.webp
Lucky Macaw,https://multi.bet.br//uploads/games/MUL//alea_tad22384/alea_tad22384.webp
Money Coming 2,https://multi.bet.br//uploads/games/MUL//alea_tad21265/alea_tad21265.webp
Fortune Coins 2,https://multi.bet.br//uploads/games/MUL//alea_tad22038/alea_tad22038.webp
3 Coin Treasures 2,https://multi.bet.br//uploads/games/MUL//alea_tad21264/alea_tad21264.webp
3 Coin Wild Horse,https://multi.bet.br//uploads/games/MUL//alea_tad21568/alea_tad21568.webp
100 Blazing Clover,https://multi.bet.br//uploads/games/MUL//alea_tad22040/alea_tad22040.webp
Agent Ace,https://multi.bet.br//uploads/games/MUL//alea_tad16634/alea_tad16634.webp
Arena Fighter,https://multi.bet.br//uploads/games/MUL//alea_tad16638/alea_tad16638.webp
Bounty Frenzy,https://multi.bet.br//uploads/games/MUL//alea_tad20797/alea_tad20797.webp
Boxing King,https://multi.bet.br//uploads/games/MUL//alea_tad16652/alea_tad16652.webp
Cash Coin,https://multi.bet.br//uploads/games/MUL//alea_tad22810/alea_tad22810.webp
Cash Stack,https://multi.bet.br//uploads/games/MUL//alea_tad22385/alea_tad22385.webp
Big Bass Crash,https://multi.bet.br//uploads/games/MUL//pp1320/pp1320.webp
High Flyer,https://multi.bet.br//uploads/games/MUL//pp2201/pp2201.webp
Chicken+,https://multi.bet.br//uploads/games/MUL//ppar1chickrush/ppar1chickrush.webp
Go Rush,https://multi.bet.br//uploads/games/MUL//alea_tad16686/alea_tad16686.webp
Jet Lucky 2,https://multi.bet.br//uploads/games/MUL//alea_gam11293/alea_gam11293.webp
Crash Bonus,https://multi.bet.br//uploads/games/MUL//alea_tad16662/alea_tad16662.webp
Wheel,https://multi.bet.br//uploads/games/MUL//alea_tad16752/alea_tad16752.webp
Stormy Witch,https://multi.bet.br//uploads/games/MUL//alea_gam11301/alea_gam11301.webp
Skyliner,https://multi.bet.br//uploads/games/MUL//alea_gam11299/alea_gam11299.webp
Samba Soccer,https://multi.bet.br//uploads/games/MUL//alea_gam14852/alea_gam14852.webp
Mines Football,https://multi.bet.br//uploads/games/MUL//alea_tad26379/alea_tad26379.webp
Happy Dragon,https://multi.bet.br//uploads/games/MUL//ppvs10dmreels/ppvs10dmreels.webp
Cyberheist City,https://multi.bet.br//uploads/games/MUL//ppvswayscyhecity/ppvswayscyhecity.webp
Big Bass Raceday Repeat,https://multi.bet.br//uploads/games/MUL//ppvs10bbrcdr/ppvs10bbrcdr.webp
Sweet Burst,https://multi.bet.br//uploads/games/MUL//ppvs10luckybnz/ppvs10luckybnz.webp
Wild Skullz,https://multi.bet.br//uploads/games/MUL//ppvswayscyclop/ppvswayscyclop.webp
Joker’s Jewels Hold & Spin,https://multi.bet.br//uploads/games/MUL//ppvs5jokjewhs/ppvs5jokjewhs.webp
Hot Tuna,https://multi.bet.br//uploads/games/MUL//ppvs10hottuna/ppvs10hottuna.webp
Super Tiki Strike,https://multi.bet.br//uploads/games/MUL//ppvs5tikistrike/ppvs5tikistrike.webp
Lucky Fortune Tree,https://multi.bet.br//uploads/games/MUL//ppvs5luckycol/ppvs5luckycol.webp
Lucky’s Wild Pub 2,https://multi.bet.br//uploads/games/MUL//ppvs25luckpub/ppvs25luckpub.webp
Tut’s Treasure Tower,https://multi.bet.br//uploads/games/MUL//ppvs5luckytwr/ppvs5luckytwr.webp
3 Magic Eggs,https://multi.bet.br//uploads/games/MUL//ppvs25wolfgmm/ppvs25wolfgmm.webp
Cash Mania,https://multi.bet.br//uploads/games/MUL//alea_pg14182/alea_pg14182.webp
The Great Icescape,https://multi.bet.br//uploads/games/MUL//alea_pg820/alea_pg820.webp
Ways of the Qilin,https://multi.bet.br//uploads/games/MUL//alea_pg3361/alea_pg3361.webp
Dragon Hatch 2,https://multi.bet.br//uploads/games/MUL//alea_pg13004/alea_pg13004.webp
Cocktail Nights,https://multi.bet.br//uploads/games/MUL//alea_pg4773/alea_pg4773.webp
Wild Ape 3258,https://multi.bet.br//uploads/games/MUL//alea_pg14780/alea_pg14780.webp
Lucky Tiger,https://multi.bet.br//uploads/games/MUL//alea_tad21565/alea_tad21565.webp
Waves of Poseidon,https://multi.bet.br//uploads/games/MUL//ppvs20bigmass/ppvs20bigmass.webp
Twilight Princess,https://multi.bet.br//uploads/games/MUL//ppvs20dhcluster/ppvs20dhcluster.webp
Greedy Fortune Pig,https://multi.bet.br//uploads/games/MUL//ppvs10fortnpig/ppvs10fortnpig.webp
Genie’s Gem Bonanza,https://multi.bet.br//uploads/games/MUL//ppvs20gengembnz/ppvs20gengembnz.webp
Sword of Ares,https://multi.bet.br//uploads/games/MUL//ppvs20swordofares/ppvs20swordofares.webp
Dragon Tiger,https://multi.bet.br//uploads/games/MUL//pp1001/pp1001.webp
Mega Fire Blaze Lucky Ball Live,https://multi.bet.br//uploads/games/MUL//alea_pla12385/alea_pla12385.webp
Dragon Tiger da sorte,https://multi.bet.br//uploads/games/MUL//alea_ezu11183/alea_ezu11183.webp
Mega Roulette - Brazilian,https://multi.bet.br//uploads/games/MUL//pp287/pp287.webp
VIP Blackjack 14,https://multi.bet.br//uploads/games/MUL//pp672/pp672.webp
Prive Lounge Blackjack 14,https://multi.bet.br//uploads/games/MUL//pp1149/pp1149.webp
Prive Lounge Roulette,https://multi.bet.br//uploads/games/MUL//pp28201/pp28201.webp
VIP Roulette,https://multi.bet.br//uploads/games/MUL//pp545/pp545.webp
Brazilian ONE Blackjack,https://multi.bet.br//uploads/games/MUL//pp906/pp906.webp
Jacks or Better Draw Poker,https://multi.bet.br//uploads/games/MUL//pp2601/pp2601.webp
Mega Wheel,https://multi.bet.br//uploads/games/MUL//pp801/pp801.webp
Speed Baccarat 14,https://multi.bet.br//uploads/games/MUL//pp405/pp405.webp
Baccarat 9,https://multi.bet.br//uploads/games/MUL//pp436/pp436.webp
Speed Blackjack 59,https://multi.bet.br//uploads/games/MUL//pp381/pp381.webp
Brazilian BlackjackX 5,https://multi.bet.br//uploads/games/MUL//pp3145/pp3145.webp
Monopoly Big Baller,https://multi.bet.br//uploads/games/MUL//alea_evo7228/alea_evo7228.webp
Crazy Coin Flip,https://multi.bet.br//uploads/games/MUL//alea_evo5724/alea_evo5724.webp
Instant Roulette,https://multi.bet.br//uploads/games/MUL//alea_evo3182/alea_evo3182.webp
Funky Time,https://multi.bet.br//uploads/games/MUL//alea_evo9342/alea_evo9342.webp
Extra Chilli Epic Spins Live,https://multi.bet.br//uploads/games/MUL//alea_evo8480/alea_evo8480.webp
Monopoly Live,https://multi.bet.br//uploads/games/MUL//alea_evo4245/alea_evo4245.webp
Crazy Pachinko,https://multi.bet.br//uploads/games/MUL//alea_evo12737/alea_evo12737.webp
Quantum Blackjack Plus Live,https://multi.bet.br//uploads/games/MUL//alea_pla6220/alea_pla6220.webp
Mega Fire Blaze Roulette Live,https://multi.bet.br//uploads/games/MUL//alea_pla6218/alea_pla6218.webp
Spin a Win Live,https://multi.bet.br//uploads/games/MUL//alea_pla6239/alea_pla6239.webp
Speed Roulette 1,https://multi.bet.br//uploads/games/MUL//pp203/pp203.webp
Dice City,https://multi.bet.br//uploads/games/MUL//pp1401/pp1401.webp
Lucky 6 Roulette,https://multi.bet.br//uploads/games/MUL//pp211a1/pp211a1.webp
Treasure Island,https://multi.bet.br//uploads/games/MUL//pp1701/pp1701.webp
Speed Auto Roulette,https://multi.bet.br//uploads/games/MUL//pp226/pp226.webp
Speed Baccarat 3,https://multi.bet.br//uploads/games/MUL//pp412/pp412.webp
Speed Baccarat 6,https://multi.bet.br//uploads/games/MUL//pp415/pp415.webp
Sweet Bonanza CandyLand,https://multi.bet.br//uploads/games/MUL//pp1101/pp1101.webp
Mega Roulette,https://multi.bet.br//uploads/games/MUL//pp204/pp204.webp
American Roulette,https://multi.bet.br//uploads/games/MUL//alea_evo3180/alea_evo3180.webp
Auto Roulette,https://multi.bet.br//uploads/games/MUL//alea_ezu4838/alea_ezu4838.webp
PowerUP Roulette,https://multi.bet.br//uploads/games/MUL//pp240/pp240.webp
Roulette Macao,https://multi.bet.br//uploads/games/MUL//pp206/pp206.webp
Korean Roulette,https://multi.bet.br//uploads/games/MUL//pp213/pp213.webp
Romanian Roulette,https://multi.bet.br//uploads/games/MUL//pp233/pp233.webp
Speed Roleta Brasileira,https://multi.bet.br//uploads/games/MUL//alea_pla18974/alea_pla18974.webp
Ice Fishing,https://multi.bet.br//uploads/games/MUL//alea_evo21482/alea_evo21482.webp
Speed Roulette,https://multi.bet.br//uploads/games/MUL//alea_ezu4848/alea_ezu4848.webp
Auto Mega Roulette,https://multi.bet.br//uploads/games/MUL//pp210/pp210.webp
Mega Fire Blaze Roleta Brasileira Live,https://multi.bet.br//uploads/games/MUL//alea_pla22135/alea_pla22135.webp
Red Door Roulette,https://multi.bet.br//uploads/games/MUL//alea_evo12377/alea_evo12377.webp
Football Studio,https://multi.bet.br//uploads/games/MUL//alea_evo4248/alea_evo4248.webp
Football Studio Dice,https://multi.bet.br//uploads/games/MUL//alea_evo7619/alea_evo7619.webp
First Person Football Studio,https://multi.bet.br//uploads/games/MUL//alea_evo3210/alea_evo3210.webp
First Person Baccarat,https://multi.bet.br//uploads/games/MUL//alea_evo3211/alea_evo3211.webp
Cash or Crash,https://multi.bet.br//uploads/games/MUL//alea_evo4253/alea_evo4253.webp
War,https://multi.bet.br//uploads/games/MUL//alea_evo19243/alea_evo19243.webp
Super Color Game,https://multi.bet.br//uploads/games/MUL//alea_evo20584/alea_evo20584.webp
Crazy Balls,https://multi.bet.br//uploads/games/MUL//alea_evo18092/alea_evo18092.webp
Mega Baccarat,https://multi.bet.br//uploads/games/MUL//pp442/pp442.webp
Knockout Baccarat,https://multi.bet.br//uploads/games/MUL//alea_ezu4832/alea_ezu4832.webp
Baccarat Live,https://multi.bet.br//uploads/games/MUL//alea_pla6197/alea_pla6197.webp
Baccarat,https://multi.bet.br//uploads/games/MUL//alea_evo3005/alea_evo3005.webp
Speed Baccarat 1,https://multi.bet.br//uploads/games/MUL//pp402/pp402.webp
Baccarat 2,https://multi.bet.br//uploads/games/MUL//pp404/pp404.webp
Super 8 Baccarat,https://multi.bet.br//uploads/games/MUL//pp433/pp433.webp
Baccarat 1,https://multi.bet.br//uploads/games/MUL//pp401/pp401.webp
Speed Baccarat 2,https://multi.bet.br//uploads/games/MUL//pp403/pp403.webp
Brazilian Speed Baccarat 1,https://multi.bet.br//uploads/games/MUL//pp427n/pp427n.webp
Mega Sic Bac,https://multi.bet.br//uploads/games/MUL//pp2101/pp2101.webp
Korean Baccarat 2,https://multi.bet.br//uploads/games/MUL//pp499/pp499.webp
Japanese Speed Baccarat 3,https://multi.bet.br//uploads/games/MUL//pp490/pp490.webp
Vietnamese Speed Baccarat 1,https://multi.bet.br//uploads/games/MUL//pp479/pp479.webp
Mega Fire Blaze Blackjack Live,https://multi.bet.br//uploads/games/MUL//alea_pla7952/alea_pla7952.webp
Unlimited Blackjack,https://multi.bet.br//uploads/games/MUL//alea_ezu4857/alea_ezu4857.webp
All Bets Blackjack Live,https://multi.bet.br//uploads/games/MUL//alea_pla6194/alea_pla6194.webp
Blackjack Da Sorte,https://multi.bet.br//uploads/games/MUL//alea_ezu11176/alea_ezu11176.webp
Blackjack 1,https://multi.bet.br//uploads/games/MUL//pp515/pp515.webp
Blackjack 11,https://multi.bet.br//uploads/games/MUL//pp301/pp301.webp
Blackjack 14,https://multi.bet.br//uploads/games/MUL//pp303/pp303.webp
Blackjack 15,https://multi.bet.br//uploads/games/MUL//pp304/pp304.webp
Blackjack 124,https://multi.bet.br//uploads/games/MUL//pp732/pp732.webp
Blackjack 125,https://multi.bet.br//uploads/games/MUL//pp733/pp733.webp
Blackjack 75,https://multi.bet.br//uploads/games/MUL//pp730/pp730.webp
Blackjack 76,https://multi.bet.br//uploads/games/MUL//pp731/pp731.webp
Turkish Blackjack 10,https://multi.bet.br//uploads/games/MUL//pp11130/pp11130.webp
Turkish VIP Blackjack 4,https://multi.bet.br//uploads/games/MUL//pp11131/pp11131.webp
